pattern_length,n,time_seconds_mean,time_seconds_min,time_seconds_max,peak_memory_mb,matches_found,bitmask_time_ms,bit_operations,state_vectors,implementation
5,500000,2.527034650997666,1.4666210969880922,3.8783524759928696,13.789254188537598,381144,0.007214999641291797,1881144,1,single-word
10,500000,3.3681686397016164,2.562262631006888,4.720384580999962,17.041802406311035,471759,0.00877000275067985,1971759,1,single-word
20,500000,3.440767692899681,2.7196394049969967,4.569946093004546,17.752873420715332,498395,0.016709993360564113,1998395,1,single-word
50,500000,3.796721033200447,2.069226722989697,4.650788262995775,17.79563617706299,499997,0.02109799243044108,1999997,1,single-word
64,500000,4.1684658669997585,3.670857906996389,4.696527420004713,17.795674324035645,499998,0.040359998820349574,1999998,1,single-word
