slice_size,avg_time_s,peak_memory_mb
100000,0.713177140331633,3.514964739481608
250000,1.7279240413287578,8.846890449523926
500000,3.333538363003754,17.752873420715332
