pattern_length,n,time_seconds_mean,time_seconds_min,time_seconds_max,peak_memory_mb,matches_found,bitmask_time_ms,bit_operations,state_vectors,implementation
100,1000000,15.562967618998664,9.533556326001417,16.724366784997983,35.706074714660645,999962,0.07737800478935242,15000000,2,multi-word
200,1000000,27.56292322040099,25.27479502100323,30.64611952000996,32.13784122467041,899832,0.13974100875202566,29000000,4,multi-word
400,1000000,40.57399540700135,34.41389288700884,46.68065616300737,35.44394016265869,990138,0.2414780028630048,50000000,7,multi-word
800,1000000,67.11457826320256,50.928809655000805,75.15843964900705,35.70478916168213,999905,0.48939399130176753,92000000,13,multi-word
