slice_size,avg_time_s,peak_memory_mb
100000,1.0146665109981161,3.5228637059529624
250000,2.610256332331725,8.867341041564941
500000,3.1894463343342068,17.79530429840088
750000,11.479179310331043,27.101075172424316
1000000,16.401838544673712,35.706074714660645
