pattern_length,n,k,time_seconds_mean,time_seconds_min,time_seconds_max,peak_memory_mb,matches_found,bitmask_time_ms,bit_operations,state_vectors,implementation
5,750000,1,15.084272646500358,12.145008318000691,16.32531620500049,50.90190372467041,571913,0.012384000001475215,9178087,2,single-word
10,750000,1,14.43998427400038,10.095562925000195,16.64299226500043,62.97534885406494,707836,0.014953999198041856,9042164,2,single-word
20,750000,1,15.089632026100299,9.378758923001442,16.873113474999627,66.85353183746338,747553,0.018695000107982196,9002447,2,single-word
50,750000,1,15.112944091900136,9.134394272999998,17.148576047999086,67.04933261871338,749997,0.03317399932711851,9000003,2,single-word
64,750000,1,15.125518690699574,11.02539143499962,17.028814829998737,67.04918766021729,749995,0.04666600034397561,9000005,2,single-word
