slice_size,avg_time_s,peak_memory_mb,k
100000,1.4848783380002715,8.764398892720541,1
250000,3.3792044436674282,22.043721199035645,1
500000,9.732574603999334,44.25953769683838,1
750000,14.64148226866746,66.85353183746338,1
