slice_size,avg_time_s,peak_memory_mb,k
100000,1.5147967713334463,8.764902432759603,1
250000,3.6815690373332473,22.048420906066895,1
500000,9.57999671233362,44.265625953674316,1
750000,17.35084905766659,66.85975360870361,1
1000000,19.591961867666516,88.75052738189697,1
