pattern_length,n,k,time_seconds_mean,time_seconds_min,time_seconds_max,peak_memory_mb,matches_found,bitmask_time_ms,bit_operations,state_vectors,implementation
5,250000,2,7.005270109600133,6.695223380000243,7.281526407001365,16.950950813293456,190546,0.010604000635794364,5118908,3,single-word
10,250000,2,6.16425590960007,3.7885996910008544,8.118763595000928,21.0013765335083,235993,0.014522000128636137,5028014,3,single-word
20,250000,2,7.128913423699851,6.587164264999956,7.399007930998778,22.05246067047119,249251,0.017971000488614663,5001498,3,single-word
50,250000,2,6.111193179599832,3.7449257939988456,7.409184530999482,22.112248420715332,249997,0.03413800004636869,5000006,3,single-word
64,250000,2,7.0249077433998535,6.028439596999306,7.833343718999458,22.11234531402588,249998,0.03801700040639844,5000004,3,single-word
