pattern_length,n,k,time_seconds_mean,time_seconds_min,time_seconds_max,peak_memory_mb,matches_found,bitmask_time_ms,bit_operations,state_vectors,implementation
5,250000,1,4.7172621019995855,3.6865739559998474,5.540189068999098,16.95165882110596,190546,0.011746000382117927,3059454,2,single-word
10,250000,1,5.4332018539000275,4.300942808999025,5.864648750000924,21.001284980773924,235993,0.013983999451738782,3014007,2,single-word
20,250000,1,5.144128775399986,3.943926439000279,5.654214194000815,22.052369117736816,249251,0.01898099981190171,3000749,2,single-word
50,250000,1,5.3461364148995925,3.6056701719990087,5.646161115999348,22.11214542388916,249997,0.034827000490622595,3000003,2,single-word
64,250000,1,5.395735380900078,4.677088050000748,5.630131850999533,22.11223316192627,249998,0.04078099846083205,3000002,2,single-word
