slice_size,avg_time_s,peak_memory_mb,k
100000,2.658640080000017,8.732190132141113,2
250000,6.367772422000901,22.05246067047119,2
