slice_size,avg_time_s,peak_memory_mb,k
100000,1.4249848959995386,8.767946561177572,1
250000,3.4128442173326525,22.052369117736816,1
