pattern_length,n,time_seconds_mean,time_seconds_min,time_seconds_max,peak_memory_mb,matches_found,bitmask_time_ms,bit_operations,state_vectors,implementation
100,100000,0.8885971467010677,0.5808994440012611,1.094635946006747,3.52260684967041,99993,0.04873400030191988,1500000,2,multi-word
200,100000,2.1141487239976415,1.72872059000656,2.797338010990643,3.2556238174438477,89972,0.13705099991057068,2900000,4,multi-word
400,100000,4.0414013437999525,3.2818454740045127,4.3258229619968915,3.4964685440063477,99009,0.2519959962228313,5000000,7,multi-word
800,100000,7.200334089802345,7.122620057998574,7.239972248004051,3.522862434387207,99994,0.49024699546862394,9200000,13,multi-word
