slice_size,avg_time_s,peak_memory_mb
100000,1.00827387033011,3.5229247411092124
