slice_size,avg_time_s,peak_memory_mb,k
100000,2.288318295000257,8.730674425760904,1
250000,5.596175127666356,22.04796314239502,1
500000,10.540252603666886,44.262261390686035,1
750000,16.21427993166738,66.8594560623169,1
1000000,22.382295130666535,88.75108814239502,1
