pattern_length,n,time_seconds_mean,time_seconds_min,time_seconds_max,peak_memory_mb,matches_found,bitmask_time_ms,bit_operations,state_vectors,implementation
100,1000000,12.26675986879709,9.236101382004563,16.625772800995037,35.70618152618408,999966,0.04210200859233737,15000000,2,multi-word
200,1000000,21.987115719600116,14.77745516700088,28.839729586004978,32.13533115386963,899746,0.07042298966553062,29000000,4,multi-word
400,1000000,41.49873982229765,35.47563027100114,46.32998673799739,35.44159412384033,990051,0.24702600785531104,50000000,7,multi-word
800,1000000,70.1869656891009,66.53858513500018,76.00119911899674,35.704976081848145,999913,0.48367299314122647,92000000,13,multi-word
