slice_size,avg_time_s,peak_memory_mb
100000,1.050471354329299,3.522978146870931
250000,2.6792820779955946,8.86739444732666
500000,5.8550392833373435,17.79538059234619
750000,10.217430919336039,27.101326942443848
1000000,14.38653441966259,35.70618152618408
