slice_size,avg_time_s,peak_memory_mb
100000,1.618034884998148,3.522465705871582
