pattern_length,n,time_seconds_mean,time_seconds_min,time_seconds_max,peak_memory_mb,matches_found,bitmask_time_ms,bit_operations,state_vectors,implementation
5,250000,1.1559054561992526,0.7535997700033477,1.4853889419900952,6.870224952697754,190546,0.009171009878627956,940546,1,single-word
10,250000,1.0588454575976356,0.6773929789924296,1.317053977996693,8.493851661682129,235993,0.007162001566030085,985993,1,single-word
20,250000,1.5720928633963922,0.6878047459904337,1.9190687520022038,8.84755802154541,249251,0.016350997611880302,999251,1,single-word
50,250000,1.9470000738991076,1.7915622760046972,2.2706218650127994,8.8674898147583,249997,0.024932989617809653,999997,1,single-word
64,250000,1.873166060600488,1.4101218529976904,2.6059378670033766,8.867527961730957,249998,0.03689300501719117,999998,1,single-word
