slice_size,avg_time_s,peak_memory_mb
100000,0.7003574660047889,3.514671007792155
250000,1.7128380189969903,8.84755802154541
