pattern_length,n,time_seconds_mean,time_seconds_min,time_seconds_max,peak_memory_mb,matches_found,bitmask_time_ms,bit_operations,state_vectors,implementation
5,1000000,5.423726220999379,4.827587930994923,6.231183028008672,27.66818332672119,762218,0.011869997251778841,3762218,1,single-word
10,1000000,7.785308616198018,5.718603681001696,8.953487715989468,34.196839332580566,943429,0.014365010429173708,3943429,1,single-word
20,1000000,6.885329222600558,4.494998840993503,8.630031291002524,35.62242603302002,996829,0.012623000657185912,3996829,1,single-word
50,1000000,8.04876401579968,7.607021129995701,8.598165798000991,35.70695209503174,999996,0.03039400326088071,3999996,1,single-word
64,1000000,7.367855757199868,4.788401113997679,8.695359132994781,35.707016944885254,999998,0.024671986466273665,3999998,1,single-word
