slice_size,avg_time_s,peak_memory_mb
100000,0.7051799583277898,3.5149380366007485
250000,1.7481587113337202,8.846222877502441
500000,3.3530842066635764,17.75332736968994
750000,4.148427934672024,27.038201332092285
1000000,7.4434263696651515,35.62242603302002
