slice_size,avg_time_s,peak_memory_mb
100000,0.7786701119912323,3.5229552586873374
