pattern_length,n,time_seconds_mean,time_seconds_min,time_seconds_max,peak_memory_mb,matches_found
5,1000000,0.1049294311000267,0.10408127401024103,0.10717862400633749,1.013310432434082,1554
10,1000000,0.1045814445009455,0.1035892500076443,0.1101748340006452,0.953862190246582,1
20,1000000,0.10469052589760394,0.1032853700016858,0.10784284200053662,0.953862190246582,1
50,1000000,0.10420911949768197,0.10340730899770278,0.10526532999938354,0.953862190246582,1
100,1000000,0.10365007239888654,0.10336577199632302,0.10397794099117164,0.953862190246582,1
200,1000000,0.1036692968031275,0.10319213599723298,0.10422761100926436,0.953862190246582,1
400,1000000,0.10468899519764818,0.10365987499244511,0.10981330600043293,0.953892707824707,1
800,1000000,0.10370260209747358,0.10339055900112726,0.10400318999018054,0.953892707824707,1
