slice_size,avg_time_s,peak_memory_mb
100000,0.8466478353317749,3.5140390396118164
250000,1.9749495096621104,8.84627628326416
500000,3.939902871667679,17.75298023223877
750000,5.726652762663434,27.039109230041504
1000000,5.32164511900434,35.62239933013916
