pattern_length,n,k,time_seconds_mean,time_seconds_min,time_seconds_max,peak_memory_mb,matches_found,bitmask_time_ms,bit_operations,state_vectors,implementation
5,100000,2,1.8086716676998549,1.4500753969987272,2.8605034530010016,6.716140174865723,76368,0.01148999945144169,2047264,3,single-word
10,100000,2,2.6532007705996876,1.9592630329989333,3.0374800489989866,8.318396949768067,94391,0.009213999874191359,2011218,3,single-word
20,100000,2,2.2125782599003285,1.5234239630008233,2.9334429780010396,8.730828285217285,99677,0.01064000025507994,2000646,3,single-word
50,100000,2,2.906819714099947,2.5973602310004935,2.9633049119984207,8.756569862365723,99998,0.03124200156889856,2000004,3,single-word
64,100000,2,2.9434806774997924,2.9212808339998446,2.9771536520001973,8.756356239318848,99995,0.039335998735623434,2000010,3,single-word
