pattern_length,n,k,time_seconds_mean,time_seconds_min,time_seconds_max,peak_memory_mb,matches_found,bitmask_time_ms,bit_operations,state_vectors,implementation
5,100000,3,2.8546539661996575,1.800077035999493,3.596610178999981,6.716073036193848,76368,0.007620001269970089,2870896,4,single-word
10,100000,3,1.9666817299999821,1.8586819159991137,2.5315418480004155,8.318457984924317,94391,0.009938999937730841,2816827,4,single-word
20,100000,3,2.690665397700104,1.8873919059988111,3.6207429850001063,8.730889320373535,99677,0.010671999916667119,2800969,4,single-word
50,100000,3,3.0641264157000476,1.88403219599968,3.848243201000514,8.756638526916504,99998,0.035641998692881316,2800006,4,single-word
64,100000,3,3.0331198689998926,1.8813374729998031,3.689483043999644,8.75643253326416,99995,0.02298800063726958,2800015,4,single-word
