pattern_length,n,k,time_seconds_mean,time_seconds_min,time_seconds_max,peak_memory_mb,matches_found,bitmask_time_ms,bit_operations,state_vectors,implementation
5,100000,1,1.2851065072001802,0.9319231779991242,1.5218697270011035,6.716810798645019,76368,0.008208000508602709,1223632,2,single-word
10,100000,1,1.728096435599764,1.0231519139997545,2.111176981999961,8.318305397033692,94391,0.01292100023420062,1205609,2,single-word
20,100000,1,2.3078328030000193,2.22417723900071,2.561566637999931,8.73073673248291,99677,0.016620000678813085,1200323,2,single-word
50,100000,1,2.1586891296999964,1.5216449979998288,2.534690832000706,8.75646686553955,99998,0.032075999115477316,1200002,2,single-word
64,100000,1,2.2718244925999898,1.9504558320004435,2.4349180289991637,8.756241798400879,99995,0.039878999814391136,1200005,2,single-word
