slice_size,avg_time_s,peak_memory_mb,k
100000,3.509399268000076,8.730889320373535,3
