slice_size,avg_time_s,peak_memory_mb,k
100000,1.2773518216672528,8.766584714253744,1
