slice_size,avg_time_s,peak_memory_mb,k
100000,2.912829527999444,8.730828285217285,2
