slice_size,avg_time_s,peak_memory_mb
100000,1.1000380933304161,3.52303155263265
