slice_size,avg_time_s,peak_memory_mb,k
100000,0.7853809413354611,8.763166745503744,1
