slice_size,avg_time_s,peak_memory_mb,k
100000,2.8414849226683145,8.727410316467285,2
