slice_size,avg_time_s,peak_memory_mb,k
100000,2.2072164443282722,8.727471351623535,3
