slice_size,avg_time_s,peak_memory_mb,k
100000,1.6030984509949728,8.734299659729004,2
