slice_size,avg_time_s,peak_memory_mb,k
100000,1.460576447333248,8.770086606343588,1
