slice_size,avg_time_s,peak_memory_mb,k
100000,1.814181115332758,8.734360694885254,3
