slice_size,avg_time_s,peak_memory_mb
100000,0.5125052586663514,3.5134426752726235
