pattern_length,n,time_seconds_mean,time_seconds_min,time_seconds_max,peak_memory_mb,matches_found,bitmask_time_ms,bit_operations,state_vectors,implementation
5,750000,4.255433903100493,2.528435668005841,5.0778977110021515,20.45304584503174,571913,0.011003008694387972,2821913,1,single-word
10,750000,5.341285742998298,4.520540621000691,6.388490359007847,25.268750190734863,707836,0.012239994248375297,2957836,1,single-word
20,750000,6.425011285499204,5.468785920995288,7.451128879998578,27.036465644836426,747553,0.017986996681429446,2997553,1,single-word
50,750000,5.893327484602923,5.131040214007953,6.522317650000332,27.101738929748535,749997,0.03587199898902327,2999997,1,single-word
64,750000,6.219830828996782,5.645261252997443,6.496826205999241,27.101696968078613,749995,0.043678999645635486,2999995,1,single-word
