slice_size,avg_time_s,peak_memory_mb
100000,0.4107445953413844,3.5134922663370767
250000,1.2056792016664986,8.844674110412598
500000,2.363331159664085,17.751564979553223
750000,4.249199496334768,27.036465644836426
