slice_size,avg_time_s,peak_memory_mb
100000,1.622870674332565,3.5226335525512695
250000,3.423057576001156,8.867413520812988
500000,9.117961501663862,17.79537296295166
750000,12.851297582669455,27.101216316223145
1000000,17.457686714667943,35.706162452697754
