slice_size,avg_time_s,peak_memory_mb
100000,1.0583978883320622,3.5229247411092124
