slice_size,avg_time_s,peak_memory_mb
100000,1.0662393613359502,3.522756894429525
