slice_size,avg_time_s,peak_memory_mb
100000,0.9759419816643154,3.5148935317993164
250000,2.104746677000852,8.847451210021973
500000,4.141238515328344,17.75460910797119
750000,5.672118491333094,27.039803504943848
1000000,6.935169590671042,35.62290668487549
