slice_size,avg_time_s,peak_memory_mb,k
100000,1.4595468656674104,8.76420815785726,1
