slice_size,avg_time_s,peak_memory_mb,k
100000,2.8377792406681692,8.7284517288208,2
