slice_size,avg_time_s,peak_memory_mb,k
100000,1.7572625479951967,8.72851276397705,3
