slice_size,avg_time_s,peak_memory_mb
100000,0.6330879263356716,3.514012336730957
250000,1.750543813672266,8.846089363098145
500000,3.8597972850014535,17.75247287750244
750000,4.872420429999086,27.03844165802002
1000000,7.3736107596681295,35.62199878692627
