pattern_length,n,time_seconds_mean,time_seconds_min,time_seconds_max,peak_memory_mb,matches_found,bitmask_time_ms,bit_operations,state_vectors,implementation
5,1000000,5.945268614096858,4.7702997019951,6.815890870988369,27.6859712600708,762897,0.009633004083298147,3762897,1,single-word
10,1000000,7.8962573921002335,5.937099998991471,9.081940286996542,34.20362186431885,943693,0.013525001122616231,3943693,1,single-word
20,1000000,8.285663297801511,7.984378535998985,8.498052862007171,35.621811866760254,996809,0.01888100814539939,3996809,1,single-word
50,1000000,7.859815327799879,5.021241408001515,8.672175662999507,35.7069787979126,999998,0.03486100467853248,3999998,1,single-word
64,1000000,8.220809874599217,7.631701272999635,8.61329834299977,35.706963539123535,999997,0.042921994463540614,3999997,1,single-word
