slice_size,avg_time_s,peak_memory_mb
100000,0.7022799516707892,3.5136562983194985
250000,1.7300596960024752,8.8462495803833
500000,2.868373879993063,17.753594398498535
750000,3.5273904183413833,27.038548469543457
1000000,7.153689907005173,35.621811866760254
