slice_size,avg_time_s,peak_memory_mb
100000,0.6845512313351113,3.523062070210775
