pattern_length,n,k,time_seconds_mean,time_seconds_min,time_seconds_max,peak_memory_mb,matches_found,bitmask_time_ms,bit_operations,state_vectors,implementation
5,500000,1,9.867276591199879,8.041342144999362,10.91207182800099,34.04964466094971,381144,0.011510999684105627,6118856,2,single-word
10,500000,1,10.174333751200175,5.833534851000877,11.238865978999456,42.14043750762939,471759,0.012779999451595359,6028241,2,single-word
20,500000,1,10.928687738299777,9.67202187300063,11.214943385999504,44.26340961456299,498395,0.01712199991743546,6001605,2,single-word
50,500000,1,9.577827803299806,5.915636341000209,11.242923540999982,44.39173221588135,499997,0.018123999325325713,6000003,2,single-word
64,500000,1,8.886451949899675,5.857900483999401,11.143900657998529,44.39182758331299,499998,0.03654200008895714,6000002,2,single-word
