slice_size,avg_time_s,peak_memory_mb,k
100000,1.3854819906664488,8.768774350484213,1
250000,2.48180187700018,22.050312995910645,1
500000,8.680604498666677,44.26340961456299,1
