slice_size,avg_time_s,peak_memory_mb,k
100000,0.8808150129995435,8.768617947896322,1
250000,3.6527941243336195,22.048256874084473,1
500000,9.38986304166671,44.26474094390869,1
750000,15.957910290666405,66.85862827301025,1
1000000,20.696906471666807,88.75224018096924,1
