slice_size,avg_time_s,peak_memory_mb,k
100000,1.7622385083329088,8.728459358215332,3
