slice_size,avg_time_s,peak_memory_mb,k
100000,1.4701777729981889,8.728398323059082,2
