slice_size,avg_time_s,peak_memory_mb,k
100000,0.7625543003329464,8.764185269673666,1
