slice_size,avg_time_s,peak_memory_mb
100000,0.5070578693266725,3.5134426752726235
