pattern_length,n,time_seconds_mean,time_seconds_min,time_seconds_max,peak_memory_mb,matches_found
5,1000000,0.10694001379888504,0.10541549700428732,0.11462157800269779,1.000798225402832,1229
10,1000000,0.1086212644004263,0.10551322900573723,0.11141306599893142,0.953892707824707,2
20,1000000,0.10792083549749805,0.10500689299078658,0.10991734199342318,0.953862190246582,1
50,1000000,0.1083960453994223,0.1052140809915727,0.11083276600402314,0.953862190246582,1
100,1000000,0.10863764739915496,0.10566037200624123,0.11084288399433717,0.953862190246582,1
200,1000000,0.11034832340083085,0.10969208199821878,0.11341165599878877,0.953862190246582,1
400,1000000,0.10671164530212991,0.10561557298933621,0.10939127301389817,0.953892707824707,1
800,1000000,0.10631522030016641,0.10591208000550978,0.10672389100363944,0.953892707824707,1
