slice_size,avg_time_s,peak_memory_mb
100000,0.2950848166656215,3.515391985575358
