pattern_length,n,time_seconds_mean,time_seconds_min,time_seconds_max,peak_memory_mb,matches_found,bitmask_time_ms,bit_operations,state_vectors,implementation
100,750000,11.330014827402191,7.675556242000312,12.555059058999177,27.100979804992676,749964,0.07571099558845162,11250000,2,multi-word
200,750000,20.45533965749928,19.776026032006484,21.71396925499721,24.382821083068848,674642,0.1414540020050481,21750000,4,multi-word
400,750000,29.65882557169971,18.205118883997784,35.070181606992264,26.903244972229004,742552,0.2516410022508353,37500000,7,multi-word
800,750000,50.344752760800475,40.27121153299231,54.6084286050027,27.100029945373535,749923,0.46979500621091574,69000000,13,multi-word
