slice_size,avg_time_s,peak_memory_mb
100000,0.8949978686675119,3.5227683385213218
250000,2.6371842073325147,8.867264747619629
500000,6.260459655667849,17.79499912261963
750000,12.524833601666614,27.100979804992676
