pattern_length,n,time_seconds_mean,time_seconds_min,time_seconds_max,peak_memory_mb,matches_found
5,1000000,0.10453205300000264,0.10383505400386639,0.10674601599748712,0.993657112121582,1031
10,1000000,0.10804620799899567,0.10374976399180014,0.11213440200663172,0.953862190246582,1
20,1000000,0.1057978416007245,0.10368560299684759,0.12047553800221067,0.953862190246582,1
50,1000000,0.10503835730196442,0.10344941899529658,0.1060806730092736,0.953862190246582,1
100,1000000,0.10402173140173546,0.10360484199190978,0.10477245999209117,0.953862190246582,1
200,1000000,0.10393542979727499,0.10340696899220347,0.10440874499909114,0.953862190246582,1
400,1000000,0.10669625349837589,0.10435821001010481,0.10836853100045118,0.953892707824707,1
800,1000000,0.10513692020176676,0.10397858500073198,0.10932332900119945,0.9550065994262695,1
