pattern_length,n,time_seconds_mean,time_seconds_min,time_seconds_max,peak_memory_mb,matches_found,bitmask_time_ms,bit_operations,state_vectors,implementation
100,500000,7.8918626765967925,6.199183475997415,8.369147332996363,17.79531955718994,499983,0.04276100662536919,7500000,2,multi-word
200,500000,12.268749468997703,7.5912045650038635,13.324359955004184,16.01033115386963,449649,0.13550599396694452,14500000,4,multi-word
400,500000,20.065349178299947,11.928574496996589,22.581131601007655,17.66301441192627,495021,0.2601939922897145,25000000,7,multi-word
800,500000,36.879679603599655,34.74712252098834,39.91134556400357,17.79448413848877,499943,0.22298099065665156,46000000,13,multi-word
