slice_size,avg_time_s,peak_memory_mb
100000,0.9515801409967631,3.5228446324666343
250000,2.551992627665944,8.86742115020752
500000,6.524730183329666,17.79531955718994
