slice_size,avg_time_s,peak_memory_mb,k
100000,1.3734819396662108,8.769602139790853,1
250000,3.534910657999717,22.048523902893066,1
500000,9.398231879666127,44.26562976837158,1
750000,16.394833779666442,66.86450290679932,1
1000000,21.855689581333234,88.75733661651611,1
