slice_size,avg_time_s,peak_memory_mb
100000,1.317639918003503,3.5225305557250977
