pattern_length,n,time_seconds_mean,time_seconds_min,time_seconds_max,peak_memory_mb,matches_found
5,1000000,0.10604360200086375,0.10448975599138066,0.10816875500313472,0.981999397277832,734
10,1000000,0.10951985309802695,0.10496975900605321,0.12214207000215538,0.953953742980957,4
20,1000000,0.10836594889697153,0.10408470100082923,0.11780713699408807,0.953862190246582,1
50,1000000,0.10981311110081152,0.10392492699611466,0.1146006299968576,0.9550065994262695,1
100,1000000,0.10769307099981233,0.10414280999975745,0.11238617300114129,0.953862190246582,1
200,1000000,0.11719436880084685,0.10951988100714516,0.13820087601197883,0.953862190246582,1
400,1000000,0.10627019280073,0.10417928198876325,0.11698295299720485,0.9547319412231445,1
800,1000000,0.10445536769839237,0.10401227499824017,0.10519293100514915,0.953892707824707,1
