pattern_length,n,time_seconds_mean,time_seconds_min,time_seconds_max,peak_memory_mb,matches_found
5,1000000,0.10466217269859043,0.10406240899465047,0.10542937999707647,1.013310432434082,1554
10,1000000,0.10535589270002674,0.10375610299524851,0.10841643100138754,0.953862190246582,1
20,1000000,0.10448822710022795,0.1041316399932839,0.10548014800588135,0.953862190246582,1
50,1000000,0.10544826129917055,0.10404442599974573,0.10812044599151704,0.953862190246582,1
100,1000000,0.10462320469960104,0.10357903099793475,0.10679621600138489,0.953862190246582,1
200,1000000,0.10722657359874574,0.10364683000079822,0.1107834400027059,0.953862190246582,1
400,1000000,0.10502212120190961,0.10417162900557742,0.10586287098703906,0.953892707824707,1
800,1000000,0.10661863510031253,0.10389669200230855,0.12338636600179598,0.953892707824707,1
