slice_size,avg_time_s,peak_memory_mb,k
100000,1.515522813332306,8.732377052307129,2
