slice_size,avg_time_s,peak_memory_mb,k
100000,1.325288092334328,8.768133481343588,1
