slice_size,avg_time_s,peak_memory_mb,k
100000,1.777103635336971,8.732438087463379,3
