pattern_length,n,time_seconds_mean,time_seconds_min,time_seconds_max,peak_memory_mb,matches_found,bitmask_time_ms,bit_operations,state_vectors,implementation
100,250000,3.4353391917000407,1.5191826770023908,4.487907864997396,8.86733341217041,249989,0.0756430090405047,3750000,2,multi-word
200,250000,5.039129735899041,3.7204769710078835,6.673149780996027,7.986992835998535,225155,0.07834199641365558,7250000,4,multi-word
400,250000,9.586286364700936,5.887442738996469,10.549380887008738,8.7998628616333,247454,0.2485530130797997,12500000,7,multi-word
800,250000,18.57336610930215,17.798662921006326,20.734171649004566,8.86727237701416,249980,0.5245979991741478,23000000,13,multi-word
