slice_size,avg_time_s,peak_memory_mb
100000,0.7984650783376613,3.522837003072103
250000,2.0570317463328442,8.86733341217041
