pattern_length,n,time_seconds_mean,time_seconds_min,time_seconds_max,peak_memory_mb,matches_found,bitmask_time_ms,bit_operations,state_vectors,implementation
100,1000000,14.809005899500335,9.179102378999232,16.552162040999974,35.70619297027588,999963,0.07778599683661014,15000000,2,multi-word
200,1000000,26.710079485901225,22.014637258005678,29.566255910001928,32.134140968322754,899693,0.14383200323209167,29000000,4,multi-word
400,1000000,40.66992519999913,35.16226377799467,46.59372669800359,35.437771797180176,989906,0.2469220053171739,50000000,7,multi-word
800,1000000,67.57598023810132,48.72588594201079,75.8981647430046,35.70483875274658,999905,0.4895610036328435,92000000,13,multi-word
