slice_size,avg_time_s,peak_memory_mb
100000,1.0610016346666573,3.5229247411092124
250000,2.6741933079999094,8.86730670928955
500000,6.225065351667581,17.795357704162598
750000,10.687670339995142,27.101155281066895
1000000,16.225295335330884,35.70619297027588
