pattern_length,n,time_seconds_mean,time_seconds_min,time_seconds_max,peak_memory_mb,matches_found,bitmask_time_ms,bit_operations,state_vectors,implementation
5,1000000,6.121043210002244,5.063230829007807,7.4079749550001,27.68407154083252,762805,0.010992996976710856,3762805,1,single-word
10,1000000,8.26534385549894,6.807446439997875,8.981560293992516,34.20824146270752,943850,0.01361500471830368,3943850,1,single-word
20,1000000,7.727060742801404,5.224012014004984,8.753633415006334,35.6240816116333,996894,0.011646989150904119,3996894,1,single-word
50,1000000,7.741103121101332,5.843879175008624,8.717327756006853,35.7069787979126,999998,0.03388000186532736,3999998,1,single-word
64,1000000,8.240994959099044,7.187255113996798,8.670532315998571,35.706936836242676,999996,0.04267800250090659,3999996,1,single-word
