slice_size,avg_time_s,peak_memory_mb
100000,0.6909700360023029,3.5152317682902017
250000,1.5315751663292758,8.84627628326416
500000,3.4076432660028027,17.753594398498535
750000,3.1217964033324583,27.04012393951416
1000000,6.278156569664134,35.6240816116333
