slice_size,avg_time_s,peak_memory_mb
100000,0.4500391300001259,3.5130955378214517
