slice_size,avg_time_s,peak_memory_mb
100000,1.371163268335901,3.5227136611938477
250000,3.7256488420049814,8.867447853088379
500000,7.6977897299996885,17.795273780822754
750000,11.093987455329625,27.101101875305176
1000000,16.175759918332915,35.706101417541504
