slice_size,avg_time_s,peak_memory_mb
100000,0.4424452149978606,3.514751116434733
