pattern_length,n,time_seconds_mean,time_seconds_min,time_seconds_max,peak_memory_mb,matches_found,bitmask_time_ms,bit_operations,state_vectors,implementation
5,100000,0.5884483108035056,0.5784332400071435,0.6306074220046867,2.7327661514282227,76368,0.009351002518087626,376368,1,single-word
10,100000,0.590757261600811,0.34272033600427676,0.6818903200037312,3.373234748840332,94391,0.008347997209057212,394391,1,single-word
20,100000,0.49985666789580135,0.3465227260021493,0.6775516960042296,3.5140390396118164,99677,0.012602002243511379,399677,1,single-word
50,100000,0.41734226889821,0.2663785939948866,0.539348570004222,3.5226221084594727,99998,0.023423999664373696,399998,1,single-word
64,100000,0.5476640027001849,0.5367580159945646,0.5598041439952794,3.5225534439086914,99995,0.03535900032147765,399995,1,single-word
