slice_size,avg_time_s,peak_memory_mb
100000,0.6369639726666113,3.5142170588175454
