slice_size,avg_time_s,peak_memory_mb
100000,1.671395263663726,3.52260684967041
250000,3.5862190246698447,8.867398262023926
500000,7.430939187999077,17.795353889465332
750000,12.341025627334602,27.101189613342285
1000000,12.7863214086683,35.70631504058838
